"0","normal(n = 5, m = 200, s = 40)
"
"1","    "
"1","        x"
"1","      prob"
"1","         pdf"
"1","
[1,]"
"1"," 194.7766"
"1"," 0.4480522"
"1"," 0.009888883"
"1","
[2,]"
"1"," 201.2908"
"1"," 0.5128713"
"1"," 0.009968366"
"1","
[3,]"
"1"," 204.4489"
"1"," 0.5442796"
"1"," 0.009912060"
"1","
[4,]"
"1"," 234.8700"
"1"," 0.8083276"
"1"," 0.006820707"
"1","
[5,]"
"1"," 268.3736"
"1"," 0.9563059"
"1"," 0.002314091"
"1","
"
